{
  "fpga_video": {
    "tag": "FPGA with video",
    "per_bin": {
      "0": {
        "label": "Bin_01_[-15.00_to_-12.50]",
        "n_scenes_scored": 36,
        "si_e": -5.719316151214455,
        "si_m": -11.99337928478677,
        "p_e": 1.1497700859383055,
        "p_m": 1.100320397888153,
        "s_e": 0.5312056711255704,
        "s_m": 0.43033062292147134
      },
      "1": {
        "label": "Bin_02_[-12.50_to_-10.00]",
        "n_scenes_scored": 38,
        "si_e": -4.742669991240191,
        "si_m": -10.563259906077151,
        "p_e": 1.1387936853932212,
        "p_m": 1.0940021225688732,
        "s_e": 0.5525889604173323,
        "s_m": 0.4555040242827739
      },
      "2": {
        "label": "Bin_03_[-10.00_to_-7.50]",
        "n_scenes_scored": 82,
        "si_e": 0.5055789581682333,
        "si_m": -4.988101903698993,
        "p_e": 1.3372636216969582,
        "p_m": 1.2198357435224318,
        "s_e": 0.6289308858674156,
        "s_m": 0.569099744047753
      },
      "3": {
        "label": "Bin_04_[-7.50_to_-5.00]",
        "n_scenes_scored": 89,
        "si_e": 1.7210057747397307,
        "si_m": -2.245610718268863,
        "p_e": 1.4487838517922387,
        "p_m": 1.317779436374677,
        "s_e": 0.6870111973614864,
        "s_m": 0.639689604110415
      },
      "4": {
        "label": "Bin_05_[-5.00_to_-2.50]",
        "n_scenes_scored": 81,
        "si_e": 4.267918273743897,
        "si_m": 0.05210187083239126,
        "p_e": 1.4965099838522202,
        "p_m": 1.3160330123906876,
        "s_e": 0.7463404918135716,
        "s_m": 0.7048531607052498
      },
      "5": {
        "label": "Bin_06_[-2.50_to_-0.00]",
        "n_scenes_scored": 85,
        "si_e": 6.101095896526554,
        "si_m": 4.567000880059411,
        "p_e": 1.6649782173666963,
        "p_m": 1.5790621495762243,
        "s_e": 0.7876554280198914,
        "s_m": 0.7743908258884702
      },
      "6": {
        "label": "Bin_07_[-0.00_to_2.50]",
        "n_scenes_scored": 87,
        "si_e": 6.34428255820017,
        "si_m": 5.796597502856747,
        "p_e": 1.7054812271173998,
        "p_m": 1.651244702987206,
        "s_e": 0.7760280386508193,
        "s_m": 0.7809216273206567
      },
      "7": {
        "label": "Bin_08_[2.50_to_5.00]",
        "n_scenes_scored": 86,
        "si_e": 7.905855260951701,
        "si_m": 7.86237759920728,
        "p_e": 1.814444288258717,
        "p_m": 1.7395386338027812,
        "s_e": 0.8001981581956126,
        "s_m": 0.8072663115067013
      },
      "8": {
        "label": "Bin_09_[5.00_to_7.50]",
        "n_scenes_scored": 45,
        "si_e": 13.313446314347827,
        "si_m": 13.40940123041902,
        "p_e": 2.22257352692204,
        "p_m": 2.0887983400849444,
        "s_e": 0.8761376401444104,
        "s_m": 0.8953893487927235
      },
      "9": {
        "label": "Bin_10_[7.50_to_9.99]",
        "n_scenes_scored": 36,
        "si_e": 15.298500925737237,
        "si_m": 15.592198984972457,
        "p_e": 2.322395239068162,
        "p_m": 2.132428643194444,
        "s_e": 0.9038679157924727,
        "s_m": 0.9158885812998384
      }
    },
    "overall": {
      "weighted": {
        "si_e": 4.591628185561748,
        "si_m": 1.9472770905756807,
        "p_e": 1.6151645516181972,
        "p_m": 1.508885802551725,
        "s_e": 0.7346048542540846,
        "s_m": 0.7066504905035799
      },
      "simple": {
        "si_e": 4.5932510244605265,
        "si_m": 1.9482357304333826,
        "p_e": 1.6151050119744201,
        "p_m": 1.5087720911746612,
        "s_e": 0.7346456012387083,
        "s_m": 0.7066850065146563
      },
      "scenes_scored": 665
    }
  },
  "fpga_novideo": {
    "tag": "FPGA NO video (zeroed)",
    "per_bin": {
      "0": {
        "label": "Bin_01_[-15.00_to_-12.50]",
        "n_scenes_scored": 36,
        "si_e": -8.160317061051872,
        "si_m": -11.99337928478677,
        "p_e": 1.0910401254054225,
        "p_m": 1.1003203978881528,
        "s_e": 0.4748182040831625,
        "s_m": 0.43033062292147134
      },
      "1": {
        "label": "Bin_02_[-12.50_to_-10.00]",
        "n_scenes_scored": 38,
        "si_e": -6.733370507725869,
        "si_m": -10.56325990607715,
        "p_e": 1.0982387517758065,
        "p_m": 1.0940021225688732,
        "s_e": 0.5104480332043512,
        "s_m": 0.4555040242827741
      },
      "2": {
        "label": "Bin_03_[-10.00_to_-7.50]",
        "n_scenes_scored": 82,
        "si_e": -2.066350191146655,
        "si_m": -4.988101903698993,
        "p_e": 1.2287549563315066,
        "p_m": 1.219835743522432,
        "s_e": 0.5648372238753969,
        "s_m": 0.5690997440477529
      },
      "3": {
        "label": "Bin_04_[-7.50_to_-5.00]",
        "n_scenes_scored": 89,
        "si_e": -1.7178324336391568,
        "si_m": -2.2456107182688627,
        "p_e": 1.2708403374371513,
        "p_m": 1.317779436374677,
        "s_e": 0.5896092845293371,
        "s_m": 0.639689604110415
      },
      "4": {
        "label": "Bin_05_[-5.00_to_-2.50]",
        "n_scenes_scored": 81,
        "si_e": 0.9420008798687981,
        "si_m": 0.05210187083239122,
        "p_e": 1.3408782321497035,
        "p_m": 1.3160330123906876,
        "s_e": 0.6535117329747998,
        "s_m": 0.7048531607052498
      },
      "5": {
        "label": "Bin_06_[-2.50_to_-0.00]",
        "n_scenes_scored": 85,
        "si_e": 1.9933315300425574,
        "si_m": 4.56700088005941,
        "p_e": 1.406666015836331,
        "p_m": 1.5790621495762238,
        "s_e": 0.676000898959075,
        "s_m": 0.7743908258884702
      },
      "6": {
        "label": "Bin_07_[-0.00_to_2.50]",
        "n_scenes_scored": 87,
        "si_e": 1.7570937559742668,
        "si_m": 5.796597502856747,
        "p_e": 1.4170443467584686,
        "p_m": 1.651244702987206,
        "s_e": 0.6609878194816955,
        "s_m": 0.7809216273206567
      },
      "7": {
        "label": "Bin_08_[2.50_to_5.00]",
        "n_scenes_scored": 86,
        "si_e": 2.256975551348874,
        "si_m": 7.862377599207281,
        "p_e": 1.4209327127573912,
        "p_m": 1.7395386338027814,
        "s_e": 0.65336912167175,
        "s_m": 0.8072663115067011
      },
      "8": {
        "label": "Bin_09_[5.00_to_7.50]",
        "n_scenes_scored": 45,
        "si_e": 8.31895528513969,
        "si_m": 13.40940123041902,
        "p_e": 1.8267337747782326,
        "p_m": 2.0887983400849444,
        "s_e": 0.7925631602171295,
        "s_m": 0.8953893487927235
      },
      "9": {
        "label": "Bin_10_[7.50_to_9.99]",
        "n_scenes_scored": 36,
        "si_e": 7.222875011484994,
        "si_m": 15.592198984972457,
        "p_e": 1.714090865702013,
        "p_m": 2.1324286431944435,
        "s_e": 0.7855089026706901,
        "s_m": 0.9158885812998384
      }
    },
    "overall": {
      "weighted": {
        "si_e": 0.5327927474634732,
        "si_m": 1.9472770905756807,
        "p_e": 1.372178431988309,
        "p_m": 1.508885802551725,
        "s_e": 0.6365346609346595,
        "s_m": 0.7066504905035799
      },
      "simple": {
        "si_e": 0.5340022526227656,
        "si_m": 1.9482357304333826,
        "p_e": 1.372096728088414,
        "p_m": 1.5087720911746612,
        "s_e": 0.636565764716882,
        "s_m": 0.7066850065146563
      },
      "scenes_scored": 665
    }
  }
}