{
  "fpga": {
    "tag": "FPGA",
    "per_bin": {
      "0": {
        "label": "Bin_01_[-15.00_to_-12.50]",
        "n_scenes_scored": 36,
        "si_e": -5.719316151214455,
        "si_m": -11.99337928478677,
        "p_e": 1.1497700859383055,
        "p_m": 1.100320397888153,
        "s_e": 0.5312056711255704,
        "s_m": 0.4303306229214714
      },
      "1": {
        "label": "Bin_02_[-12.50_to_-10.00]",
        "n_scenes_scored": 38,
        "si_e": -4.742669991240191,
        "si_m": -10.563259906077151,
        "p_e": 1.1387936853932215,
        "p_m": 1.0940021225688734,
        "s_e": 0.5525889604173322,
        "s_m": 0.4555040242827741
      },
      "2": {
        "label": "Bin_03_[-10.00_to_-7.50]",
        "n_scenes_scored": 82,
        "si_e": 0.5055789581682332,
        "si_m": -4.988101903698993,
        "p_e": 1.3372636216969584,
        "p_m": 1.219835743522432,
        "s_e": 0.6289308858674156,
        "s_m": 0.569099744047753
      },
      "3": {
        "label": "Bin_04_[-7.50_to_-5.00]",
        "n_scenes_scored": 89,
        "si_e": 1.7210057747397307,
        "si_m": -2.2456107182688623,
        "p_e": 1.448783851792239,
        "p_m": 1.317779436374677,
        "s_e": 0.6870111973614864,
        "s_m": 0.639689604110415
      },
      "4": {
        "label": "Bin_05_[-5.00_to_-2.50]",
        "n_scenes_scored": 81,
        "si_e": 4.267918273743897,
        "si_m": 0.05210187083239118,
        "p_e": 1.4965099838522202,
        "p_m": 1.3160330123906876,
        "s_e": 0.7463404918135718,
        "s_m": 0.7048531607052498
      },
      "5": {
        "label": "Bin_06_[-2.50_to_-0.00]",
        "n_scenes_scored": 85,
        "si_e": 6.101095896526555,
        "si_m": 4.567000880059411,
        "p_e": 1.6649782173666963,
        "p_m": 1.5790621495762238,
        "s_e": 0.7876554280198915,
        "s_m": 0.7743908258884702
      },
      "6": {
        "label": "Bin_07_[-0.00_to_2.50]",
        "n_scenes_scored": 87,
        "si_e": 6.34428255820017,
        "si_m": 5.796597502856747,
        "p_e": 1.7054812271173998,
        "p_m": 1.6512447029872057,
        "s_e": 0.7760280386508194,
        "s_m": 0.7809216273206567
      },
      "7": {
        "label": "Bin_08_[2.50_to_5.00]",
        "n_scenes_scored": 86,
        "si_e": 7.905855260951702,
        "si_m": 7.862377599207281,
        "p_e": 1.8144442882587175,
        "p_m": 1.7395386338027812,
        "s_e": 0.8001981581956126,
        "s_m": 0.8072663115067013
      },
      "8": {
        "label": "Bin_09_[5.00_to_7.50]",
        "n_scenes_scored": 45,
        "si_e": 13.313446314347825,
        "si_m": 13.40940123041902,
        "p_e": 2.22257352692204,
        "p_m": 2.0887983400849444,
        "s_e": 0.8761376401444104,
        "s_m": 0.8953893487927235
      },
      "9": {
        "label": "Bin_10_[7.50_to_9.99]",
        "n_scenes_scored": 36,
        "si_e": 15.298500925737235,
        "si_m": 15.592198984972457,
        "p_e": 2.322395239068162,
        "p_m": 2.1324286431944435,
        "s_e": 0.9038679157924725,
        "s_m": 0.9158885812998384
      }
    },
    "overall": {
      "weighted": {
        "si_e": 4.591628185561748,
        "si_m": 1.9472770905756809,
        "p_e": 1.6151645516181972,
        "p_m": 1.508885802551725,
        "s_e": 0.7346048542540847,
        "s_m": 0.7066504905035799
      },
      "simple": {
        "si_e": 4.593251024460525,
        "si_m": 1.948235730433383,
        "p_e": 1.6151050119744201,
        "p_m": 1.5087720911746614,
        "s_e": 0.7346456012387083,
        "s_m": 0.7066850065146563
      },
      "scenes_scored": 665
    }
  },
  "emulator": {
    "tag": "emulator(int16 sw)",
    "per_bin": {
      "0": {
        "label": "Bin_01_[-15.00_to_-12.50]",
        "n_scenes_scored": 36,
        "si_e": -5.636688403509147,
        "si_m": -11.993379284786771,
        "p_e": 1.1492022732560288,
        "p_m": 1.1003203978881526,
        "s_e": 0.5376660498553051,
        "s_m": 0.43033062292147134
      },
      "1": {
        "label": "Bin_02_[-12.50_to_-10.00]",
        "n_scenes_scored": 38,
        "si_e": -4.628393796455377,
        "si_m": -10.56325990607715,
        "p_e": 1.1495045120292204,
        "p_m": 1.0940021225688732,
        "s_e": 0.5615321102770766,
        "s_m": 0.4555040242827739
      },
      "2": {
        "label": "Bin_03_[-10.00_to_-7.50]",
        "n_scenes_scored": 82,
        "si_e": 0.7824947661178173,
        "si_m": -4.988101903698993,
        "p_e": 1.344817523666009,
        "p_m": 1.219835743522432,
        "s_e": 0.6392009636923188,
        "s_m": 0.569099744047753
      },
      "3": {
        "label": "Bin_04_[-7.50_to_-5.00]",
        "n_scenes_scored": 89,
        "si_e": 1.797167215140838,
        "si_m": -2.2456107182688623,
        "p_e": 1.4532476604191509,
        "p_m": 1.317779436374677,
        "s_e": 0.6892483286703169,
        "s_m": 0.639689604110415
      },
      "4": {
        "label": "Bin_05_[-5.00_to_-2.50]",
        "n_scenes_scored": 81,
        "si_e": 4.393998159308251,
        "si_m": 0.0521018708323912,
        "p_e": 1.497195523552645,
        "p_m": 1.3160330123906876,
        "s_e": 0.7504081468842565,
        "s_m": 0.70485316070525
      },
      "5": {
        "label": "Bin_06_[-2.50_to_-0.00]",
        "n_scenes_scored": 85,
        "si_e": 6.382363148043679,
        "si_m": 4.56700088005941,
        "p_e": 1.6733841549394677,
        "p_m": 1.5790621495762238,
        "s_e": 0.7906683380963478,
        "s_m": 0.7743908258884702
      },
      "6": {
        "label": "Bin_07_[-0.00_to_2.50]",
        "n_scenes_scored": 87,
        "si_e": 6.5785622812085505,
        "si_m": 5.796597502856747,
        "p_e": 1.7080847473696243,
        "p_m": 1.6512447029872057,
        "s_e": 0.7766463880326306,
        "s_m": 0.7809216273206567
      },
      "7": {
        "label": "Bin_08_[2.50_to_5.00]",
        "n_scenes_scored": 86,
        "si_e": 8.181556614502346,
        "si_m": 7.862377599207281,
        "p_e": 1.8106434423847733,
        "p_m": 1.7395386338027812,
        "s_e": 0.8005999616340803,
        "s_m": 0.8072663115067013
      },
      "8": {
        "label": "Bin_09_[5.00_to_7.50]",
        "n_scenes_scored": 45,
        "si_e": 13.536199650415423,
        "si_m": 13.40940123041902,
        "p_e": 2.218812753471997,
        "p_m": 2.0887983400849444,
        "s_e": 0.8744864794961914,
        "s_m": 0.8953893487927237
      },
      "9": {
        "label": "Bin_10_[7.50_to_9.99]",
        "n_scenes_scored": 36,
        "si_e": 15.602235831283155,
        "si_m": 15.592198984972457,
        "p_e": 2.3234680244440606,
        "p_m": 2.1324286431944435,
        "s_e": 0.9072254796717759,
        "s_m": 0.9158885812998384
      }
    },
    "overall": {
      "weighted": {
        "si_e": 4.795931425035333,
        "si_m": 1.94727709057568,
        "p_e": 1.618074154850361,
        "p_m": 1.508885802551725,
        "s_e": 0.7381075539878614,
        "s_m": 0.7066504905035799
      },
      "simple": {
        "si_e": 4.797722836349588,
        "si_m": 1.948235730433383,
        "p_e": 1.6180257961538909,
        "p_m": 1.5087720911746612,
        "s_e": 0.7381556213540525,
        "s_m": 0.7066850065146563
      },
      "scenes_scored": 665
    }
  },
  "fp32": {
    "tag": "FP32 (sw, float in)",
    "per_bin": {
      "0": {
        "label": "Bin_01_[-15.00_to_-12.50]",
        "n_scenes_scored": 36,
        "si_e": -5.619967100633566,
        "si_m": -11.993374397497401,
        "p_e": 1.1632795467269097,
        "p_m": 1.1003199414359994,
        "s_e": 0.5439828852839135,
        "s_m": 0.4303310909653232
      },
      "1": {
        "label": "Bin_02_[-12.50_to_-10.00]",
        "n_scenes_scored": 38,
        "si_e": -4.636323569664982,
        "si_m": -10.563269138325428,
        "p_e": 1.1561984148463573,
        "p_m": 1.0940023637265184,
        "s_e": 0.5667533145793473,
        "s_m": 0.4555042308606336
      },