{
  "fp32_video": {
    "tag": "FP32 with video",
    "per_bin": {
      "0": {
        "label": "Bin_01_[-15.00_to_-12.50]",
        "n_scenes_scored": 36,
        "si_e": -5.619967100633566,
        "si_m": -11.993374397497401,
        "p_e": 1.1632795467269097,
        "p_m": 1.1003199414359992,
        "s_e": 0.5439828852839135,
        "s_m": 0.4303310909653232
      },
      "1": {
        "label": "Bin_02_[-12.50_to_-10.00]",
        "n_scenes_scored": 38,
        "si_e": -4.636323569664982,
        "si_m": -10.563269138325426,
        "p_e": 1.1561984148463573,
        "p_m": 1.0940023637265182,
        "s_e": 0.5667533145793474,
        "s_m": 0.4555042308606336
      },
      "2": {
        "label": "Bin_03_[-10.00_to_-7.50]",
        "n_scenes_scored": 82,
        "si_e": 1.1151630776579289,
        "si_m": -4.988102164591875,
        "p_e": 1.397289795216241,
        "p_m": 1.2198548565374308,
        "s_e": 0.6515429205308286,
        "s_m": 0.5691001135707959
      },
      "3": {
        "label": "Bin_04_[-7.50_to_-5.00]",
        "n_scenes_scored": 89,
        "si_e": 2.1636166301165,
        "si_m": -2.2454248714710467,
        "p_e": 1.5122556696131613,
        "p_m": 1.3177828739598914,
        "s_e": 0.7020623901162569,
        "s_m": 0.6396896235895482
      },
      "4": {
        "label": "Bin_05_[-5.00_to_-2.50]",
        "n_scenes_scored": 81,
        "si_e": 4.704527624477786,
        "si_m": 0.053337701203335065,
        "p_e": 1.569812772727109,
        "p_m": 1.316030611833067,
        "s_e": 0.7616966349758179,
        "s_m": 0.7048529953776024
      },
      "5": {
        "label": "Bin_06_[-2.50_to_-0.00]",
        "n_scenes_scored": 85,
        "si_e": 6.884390230860869,
        "si_m": 4.568115568795567,
        "p_e": 1.7713475534545788,
        "p_m": 1.5790675712169744,
        "s_e": 0.8034678841719297,
        "s_m": 0.7743907552605801
      },
      "6": {
        "label": "Bin_07_[-0.00_to_2.50]",
        "n_scenes_scored": 87,
        "si_e": 6.950452658184569,
        "si_m": 5.796565444426677,
        "p_e": 1.8132232067626999,
        "p_m": 1.651289224379516,
        "s_e": 0.790254260744465,
        "s_m": 0.7809215610172882
      },
      "7": {
        "label": "Bin_08_[2.50_to_5.00]",
        "n_scenes_scored": 86,
        "si_e": 8.827062318629562,
        "si_m": 7.865437886690778,
        "p_e": 1.94780589602644,
        "p_m": 1.7395398340172152,
        "s_e": 0.8145544013575836,
        "s_m": 0.8072663208193823
      },
      "8": {
        "label": "Bin_09_[5.00_to_7.50]",
        "n_scenes_scored": 45,
        "si_e": 14.254081090386459,
        "si_m": 13.411768387028744,
        "p_e": 2.4183569726834704,
        "p_m": 2.088804237741485,
        "s_e": 0.8900393178626345,
        "s_m": 0.8953893044609809
      },
      "9": {
        "label": "Bin_10_[7.50_to_9.99]",
        "n_scenes_scored": 36,
        "si_e": 16.47824573156347,
        "si_m": 15.592205098956693,
        "p_e": 2.5482802569428507,
        "p_m": 2.1324355870892653,
        "s_e": 0.9208590503896925,
        "s_m": 0.9158884822247254
      }
    },
    "overall": {
      "weighted": {
        "si_e": 5.216450975500543,
        "si_m": 1.9481467188437844,
        "p_e": 1.7121240875270247,
        "p_m": 1.5088957795649023,
        "s_e": 0.7503723353456166,
        "s_m": 0.706650530970504
      },
      "simple": {
        "si_e": 5.218365841281189,
        "si_m": 1.9491054036400386,
        "p_e": 1.7120712435360843,
        "p_m": 1.5087820525169975,
        "s_e": 0.750419208925014,
        "s_m": 0.7066850468304828
      },
      "scenes_scored": 665
    }
  },
  "fp32_novideo": {
    "tag": "FP32 NO video (zeroed)",
    "per_bin": {
      "0": {
        "label": "Bin_01_[-15.00_to_-12.50]",
        "n_scenes_scored": 36,
        "si_e": -8.303529361512162,
        "si_m": -11.993374397497401,
        "p_e": 1.0913361299738196,
        "p_m": 1.1003199414359992,
        "s_e": 0.4782662058068068,
        "s_m": 0.43033109096532324
      },
      "1": {
        "label": "Bin_02_[-12.50_to_-10.00]",
        "n_scenes_scored": 38,
        "si_e": -6.9395436389699725,
        "si_m": -10.563269138325426,
        "p_e": 1.0924492632850675,
        "p_m": 1.0940023637265182,
        "s_e": 0.517573356982133,
        "s_m": 0.4555042308606336
      },
      "2": {
        "label": "Bin_03_[-10.00_to_-7.50]",
        "n_scenes_scored": 82,
        "si_e": -1.512041522980749,
        "si_m": -4.988102164591875,
        "p_e": 1.2842003156546806,
        "p_m": 1.219854856537431,
        "s_e": 0.5869882607710731,
        "s_m": 0.5691001135707959
      },
      "3": {
        "label": "Bin_04_[-7.50_to_-5.00]",
        "n_scenes_scored": 89,
        "si_e": -1.121724308802282,
        "si_m": -2.2454248714710463,
        "p_e": 1.3269305872648745,
        "p_m": 1.3177828739598914,
        "s_e": 0.6134237991649736,
        "s_m": 0.6396896235895483
      },
      "4": {
        "label": "Bin_05_[-5.00_to_-2.50]",
        "n_scenes_scored": 81,
        "si_e": 1.5537081609443828,
        "si_m": 0.053337701203335246,
        "p_e": 1.4126461302613138,
        "p_m": 1.316030611833067,
        "s_e": 0.6752803464354348,
        "s_m": 0.7048529953776024
      },
      "5": {
        "label": "Bin_06_[-2.50_to_-0.00]",
        "n_scenes_scored": 85,
        "si_e": 2.81151656781204,
        "si_m": 4.568115568795567,
        "p_e": 1.5062491750527964,
        "p_m": 1.579067571216974,
        "s_e": 0.6959646618915648,
        "s_m": 0.7743907552605801
      },
      "6": {
        "label": "Bin_07_[-0.00_to_2.50]",
        "n_scenes_scored": 87,
        "si_e": 2.6080942561176412,
        "si_m": 5.796565444426676,
        "p_e": 1.5118102810433753,
        "p_m": 1.6512892243795159,
        "s_e": 0.6864800253171517,
        "s_m": 0.7809215610172882
      },
      "7": {
        "label": "Bin_08_[2.50_to_5.00]",
        "n_scenes_scored": 86,
        "si_e": 3.3323184218716158,
        "si_m": 7.865437886690778,
        "p_e": 1.5257070318146135,
        "p_m": 1.7395398340172152,
        "s_e": 0.6820423123643646,
        "s_m": 0.8072663208193823
      },
      "8": {
        "label": "Bin_09_[5.00_to_7.50]",
        "n_scenes_scored": 45,
        "si_e": 9.672970925243556,
        "si_m": 13.411768387028744,
        "p_e": 2.044931993809986,
        "p_m": 2.088804237741485,
        "s_e": 0.8294261368368944,
        "s_m": 0.8953893044609809
      },
      "9": {
        "label": "Bin_10_[7.50_to_9.99]",
        "n_scenes_scored": 36,
        "si_e": 9.198194708839871,
        "si_m": 15.592205098956693,
        "p_e": 1.987185884741863,
        "p_m": 2.1324355870892653,
        "s_e": 0.8275622808997342,
        "s_m": 0.9158884822247254
      }
    },
    "overall": {
      "weighted": {
        "si_e": 1.2892074328081056,
        "si_m": 1.9481467188437844,
        "p_e": 1.4631636243339585,
        "p_m": 1.5088957795649023,
        "s_e": 0.6600643551162972,
        "s_m": 0.706650530970504
      },
      "simple": {
        "si_e": 1.2906480772252424,
        "si_m": 1.9491054036400384,
        "p_e": 1.4630930346222386,
        "p_m": 1.5087820525169975,
        "s_e": 0.6600957144982078,
        "s_m": 0.7066850468304828
      },
      "scenes_scored": 665
    }
  }
}